{"Mean":{"confidence_interval":{"confidence_level":0.95,"lower_bound":1174.591898058942,"upper_bound":1176.490227606155},"point_estimate":1175.5430578001458,"standard_error":0.4840563312140533},"Median":{"confidence_interval":{"confidence_level":0.95,"lower_bound":1156.1408551834163,"upper_bound":1158.3192698962362},"point_estimate":1157.1856882774555,"standard_error":0.5619902309541757},"MedianAbsDev":{"confidence_interval":{"confidence_level":0.95,"lower_bound":93.35496116673269,"upper_bound":95.22874418060769},"point_estimate":94.22345462562333,"standard_error":0.4770153363238558},"Slope":{"confidence_interval":{"confidence_level":0.95,"lower_bound":1207.5784880289605,"upper_bound":1210.2111085125869},"point_estimate":1208.8940888728423,"standard_error":0.6707908233693433},"StdDev":{"confidence_interval":{"confidence_level":0.95,"lower_bound":106.89717064800006,"upper_bound":110.32324814515121},"point_estimate":108.47522588573409,"standard_error":0.8772644066253854}}