{"Mean":{"confidence_interval":{"confidence_level":0.95,"lower_bound":812.9272502921581,"upper_bound":814.5079209934405},"point_estimate":813.7164368440846,"standard_error":0.40281388822238756},"Median":{"confidence_interval":{"confidence_level":0.95,"lower_bound":807.1530522043074,"upper_bound":808.3339884241748},"point_estimate":807.8049255252246,"standard_error":0.31115932023071624},"MedianAbsDev":{"confidence_interval":{"confidence_level":0.95,"lower_bound":65.62906630902991,"upper_bound":67.44747913243471},"point_estimate":66.54713621954048,"standard_error":0.46469404195475983},"Slope":{"confidence_interval":{"confidence_level":0.95,"lower_bound":832.118978357252,"upper_bound":833.7918407991821},"point_estimate":832.9528281122859,"standard_error":0.42713538988413613},"StdDev":{"confidence_interval":{"confidence_level":0.95,"lower_bound":88.33945074593531,"upper_bound":91.516654724531},"point_estimate":89.77868391476001,"standard_error":0.8138711457893941}}