{"Mean":{"confidence_interval":{"confidence_level":0.95,"lower_bound":1107.9831338329443,"upper_bound":1109.4090675401226},"point_estimate":1108.6962841922912,"standard_error":0.36328783827388206},"Median":{"confidence_interval":{"confidence_level":0.95,"lower_bound":1113.687674714104,"upper_bound":1114.8132183908046},"point_estimate":1114.2295904751531,"standard_error":0.29059444824189246},"MedianAbsDev":{"confidence_interval":{"confidence_level":0.95,"lower_bound":57.9289845178752,"upper_bound":59.17110778599715},"point_estimate":58.54579217947835,"standard_error":0.31510504742347345},"Slope":{"confidence_interval":{"confidence_level":0.95,"lower_bound":1132.8305440280017,"upper_bound":1134.0419629728199},"point_estimate":1133.4342305988914,"standard_error":0.3095557268191767},"StdDev":{"confidence_interval":{"confidence_level":0.95,"lower_bound":79.04450320685845,"upper_bound":83.54981022770397},"point_estimate":81.16012957528606,"standard_error":1.1497424190416663}}