{"Mean":{"confidence_interval":{"confidence_level":0.95,"lower_bound":1133.3588782637858,"upper_bound":1135.2372851810997},"point_estimate":1134.2970325157517,"standard_error":0.4771356057665055},"Median":{"confidence_interval":{"confidence_level":0.95,"lower_bound":1121.4961621224782,"upper_bound":1122.802563652921},"point_estimate":1122.2016849385354,"standard_error":0.33534955127210864},"MedianAbsDev":{"confidence_interval":{"confidence_level":0.95,"lower_bound":66.46919435672568,"upper_bound":68.87278707667012},"point_estimate":67.6338930839414,"standard_error":0.6150126796121206},"Slope":{"confidence_interval":{"confidence_level":0.95,"lower_bound":1143.7070639415374,"upper_bound":1145.1471072745642},"point_estimate":1144.4244813420287,"standard_error":0.3664805864238258},"StdDev":{"confidence_interval":{"confidence_level":0.95,"lower_bound":103.90782335500407,"upper_bound":109.66825188859782},"point_estimate":106.47630504757761,"standard_error":1.4765441577387877}}