{"Mean":{"confidence_interval":{"confidence_level":0.95,"lower_bound":1226.36247089556,"upper_bound":1228.8173678254348},"point_estimate":1227.5829036972434,"standard_error":0.6256477159988076},"Median":{"confidence_interval":{"confidence_level":0.95,"lower_bound":1190.567871197055,"upper_bound":1193.4789987349436},"point_estimate":1192.06223009827,"standard_error":0.7465532847487243},"MedianAbsDev":{"confidence_interval":{"confidence_level":0.95,"lower_bound":111.33985326641425,"upper_bound":114.6867659137838},"point_estimate":112.90896457808157,"standard_error":0.8596159941253972},"Slope":{"confidence_interval":{"confidence_level":0.95,"lower_bound":1201.2896909458414,"upper_bound":1203.8029409227804},"point_estimate":1202.5444806609885,"standard_error":0.6421636016518174},"StdDev":{"confidence_interval":{"confidence_level":0.95,"lower_bound":137.85550031701254,"upper_bound":142.47685746556903},"point_estimate":139.97532680688676,"standard_error":1.1849162512160103}}