{"Mean":{"confidence_interval":{"confidence_level":0.95,"lower_bound":371.31148713257153,"upper_bound":372.0917110978554},"point_estimate":371.7020154751151,"standard_error":0.19883776727222044},"Median":{"confidence_interval":{"confidence_level":0.95,"lower_bound":370.42768586290657,"upper_bound":371.46870236895813},"point_estimate":370.9548933491483,"standard_error":0.2602256362408967},"MedianAbsDev":{"confidence_interval":{"confidence_level":0.95,"lower_bound":42.45445468485909,"upper_bound":43.21558542436527},"point_estimate":42.831671848640994,"standard_error":0.19351207194377168},"Slope":{"confidence_interval":{"confidence_level":0.95,"lower_bound":379.42662854501003,"upper_bound":380.1728335335778},"point_estimate":379.80002227299536,"standard_error":0.19024358938063785},"StdDev":{"confidence_interval":{"confidence_level":0.95,"lower_bound":43.437786701947076,"upper_bound":45.746131411635986},"point_estimate":44.49887304030123,"standard_error":0.5909408098368925}}