{"Mean":{"confidence_interval":{"confidence_level":0.95,"lower_bound":363.17426608567297,"upper_bound":364.06338468090854},"point_estimate":363.62098194117107,"standard_error":0.2269265870943624},"Median":{"confidence_interval":{"confidence_level":0.95,"lower_bound":367.69609281237496,"upper_bound":369.12748032711},"point_estimate":368.420264159034,"standard_error":0.3604979279898889},"MedianAbsDev":{"confidence_interval":{"confidence_level":0.95,"lower_bound":66.0796831912667,"upper_bound":67.35825871397086},"point_estimate":66.77389101691303,"standard_error":0.32455973163145413},"Slope":{"confidence_interval":{"confidence_level":0.95,"lower_bound":391.6341326899634,"upper_bound":392.3326791198459},"point_estimate":391.98486746955757,"standard_error":0.17770771920757306},"StdDev":{"confidence_interval":{"confidence_level":0.95,"lower_bound":50.29383959588242,"upper_bound":51.43102167165195},"point_estimate":50.76995690460208,"standard_error":0.294768694038118}}