{"Mean":{"confidence_interval":{"confidence_level":0.95,"lower_bound":971.3396459541248,"upper_bound":973.0862960833799},"point_estimate":972.2075842073841,"standard_error":0.44418461562113837},"Median":{"confidence_interval":{"confidence_level":0.95,"lower_bound":967.0159493306463,"upper_bound":968.3056972270371},"point_estimate":967.6711277575158,"standard_error":0.32969593009185155},"MedianAbsDev":{"confidence_interval":{"confidence_level":0.95,"lower_bound":65.95852513800284,"upper_bound":68.40740014741053},"point_estimate":67.10445117648668,"standard_error":0.6242383808690486},"Slope":{"confidence_interval":{"confidence_level":0.95,"lower_bound":994.9297877768354,"upper_bound":996.9278820797017},"point_estimate":995.9225082836439,"standard_error":0.5109347303263799},"StdDev":{"confidence_interval":{"confidence_level":0.95,"lower_bound":94.03216914668158,"upper_bound":108.00553363900258},"point_estimate":99.36221227860152,"standard_error":4.011638462387738}}