{"Mean":{"confidence_interval":{"confidence_level":0.95,"lower_bound":866.3656183430289,"upper_bound":867.9387087405486},"point_estimate":867.1523589756138,"standard_error":0.40242464829920915},"Median":{"confidence_interval":{"confidence_level":0.95,"lower_bound":853.2732227385244,"upper_bound":854.5413868072706},"point_estimate":853.8557193798599,"standard_error":0.31403512238464715},"MedianAbsDev":{"confidence_interval":{"confidence_level":0.95,"lower_bound":62.16695675961265,"upper_bound":64.09132676616781},"point_estimate":63.13351988565597,"standard_error":0.48919017608519855},"Slope":{"confidence_interval":{"confidence_level":0.95,"lower_bound":880.8870366132436,"upper_bound":882.6110019181779},"point_estimate":881.7487513925245,"standard_error":0.4408951679063937},"StdDev":{"confidence_interval":{"confidence_level":0.95,"lower_bound":88.329681935793,"upper_bound":92.13279516843619},"point_estimate":90.0441487761638,"standard_error":0.9797207174352699}}